ModelName;;NetID;;;;;;;;;;;
;Feature Layer Neuron Activation Value;;;;;;;;;;;;
Set;Neuron 0;Neuron 1;Neuron 2;Neuron 3;Neuron 4;Neuron 5;Neuron 6;Neuron 7;Neuron 8;Neuron 9;Neuron 10;Neuron 11;Neuron 12
0;0,08405766;0,8572293;0;0;0;0;0;0;0;0;;;
1;0,08404671;0,8572532;0;0;0;0;0;0;0;0;;;
2;0,08417166;0,8572288;0;0;0;0;0;0;0;0;;;
3;0,08066513;0,8588507;0;0;0;0;0;0;0;0;;;
4;0,08424499;0,8572349;0;0;0;0;0;0;0;0;;;
5;0,08062725;0,858859;0;0;0;0;0;0;0;0;;;
6;0,08443704;0,8572509;0;0;0;0;0;0;0;0;;;
7;0,084552;0,8572604;0;0;0;0;0;0;0;0;;;
8;0,08597813;0,8573787;0;0;0;0;0;0;0;0;;;
9;0,0850214;0,8572994;0;0;0;0;0;0;0;0;;;
10;0,08480184;0,8572811;0;0;0;0;0;0;0;0;;;
11;0,08501391;0,8572987;0;0;0;0;0;0;0;0;;;
12;0,08463936;0,8572676;0;0;0;0;0;0;0;0;;;
13;0,08600383;0,8573807;0;0;0;0;0;0;0;0;;;
14;0,08581726;0,8573653;0;0;0;0;0;0;0;0;;;
15;0,08626033;0,857402;0;0;0;0;0;0;0;0;;;
16;0,08579031;0,857363;0;0;0;0;0;0;0;0;;;
17;0,08649398;0,8574213;0;0;0;0;0;0;0;0;;;
18;0,08568175;0,8573541;0;0;0;0;0;0;0;0;;;
19;0,08672322;0,8574402;0;0;0;0;0;0;0;0;;;
20;0,08746088;0,857501;0;0;0;0;0;0;0;0;;;
21;0,08564168;0,8573508;0;0;0;0;0;0;0;0;;;
22;0,09229834;0,8578971;0;0;0;0;0;0;0;0;;;
23;0,08923568;0,8576469;0;0;0;0;0;0;0;0;;;
24;0,09082384;0,8577769;0;0;0;0;0;0;0;0;;;
25;0,08835581;0,8575747;0;0;0;0;0;0;0;0;;;
26;0,08955145;0,8576728;0;0;0;0;0;0;0;0;;;
27;0,08947624;0,8576667;0;0;0;0;0;0;0;0;;;
28;0,08396579;0,8573939;0;0;0;0;0;0;0;0;;;
29;0,08404926;0,8572477;0;0;0;0;0;0;0;0;;;
30;0,08405936;0,8572258;0;0;0;0;0;0;0;0;;;
31;0,08406176;0,8572197;0;0;0;0;0;0;0;0;;;
32;0,08406176;0,8572197;0;0;0;0;0;0;0;0;;;
33;0,08406176;0,8572197;0;0;0;0;0;0;0;0;;;
34;0,08406176;0,8572197;0;0;0;0;0;0;0;0;;;
35;0,08434885;0,8572435;0;0;0;0;0;0;0;0;;;
36;0,08406176;0,8572197;0;0;0;0;0;0;0;0;;;
37;0,08432271;0,8572414;0;0;0;0;0;0;0;0;;;
38;0,08444893;0,8572519;0;0;0;0;0;0;0;0;;;
39;0,08552691;0,8573413;0;0;0;0;0;0;0;0;;;
40;0,08489219;0,8572887;0;0;0;0;0;0;0;0;;;
41;0,08529532;0,8573221;0;0;0;0;0;0;0;0;;;
42;0,08406176;0,8572197;0;0;0;0;0;0;0;0;;;
43;0,08406176;0,8572197;0;0;0;0;0;0;0;0;;;
44;0,08406176;0,8572197;0;0;0;0;0;0;0;0;;;
45;0,08405611;0,8572326;0;0;0;0;0;0;0;0;;;
46;0,08419491;0,8572307;0;0;0;0;0;0;0;0;;;
47;0,0842405;0,8572345;0;0;0;0;0;0;0;0;;;
48;0,08447986;0,8572544;0;0;0;0;0;0;0;0;;;
49;0,08458991;0,8572636;0;0;0;0;0;0;0;0;;;
50;0,0845498;0,8572602;0;0;0;0;0;0;0;0;;;
51;0,08839058;0,8575776;0;0;0;0;0;0;0;0;;;
52;0,08695319;0,8574592;0;0;0;0;0;0;0;0;;;
53;0,09552999;0,8581589;0;0;0;0;0;0;0;0;;;
54;0,08853653;0,8575896;0;0;0;0;0;0;0;0;;;
55;0,108599;0,8591931;0;0;0;0;0;0;0;0;;;
56;0,08406176;0,8572197;0;0;0;0;0;0;0;0;;;
57;0,08512124;0,8573076;0;0;0;0;0;0;0;0;;;
58;0,08690847;0,8574555;0;0;0;0;0;0;0;0;;;
59;0,08401421;0,8573162;0;0;0;0;0;0;0;0;;;
60;0,08419266;0,8572305;0;0;0;0;0;0;0;0;;;
61;0,08406176;0,8572197;0;0;0;0;0;0;0;0;;;
62;0,08406176;0,8572197;0;0;0;0;0;0;0;0;;;
63;0,08433475;0,8572423;0;0;0;0;0;0;0;0;;;
64;0,08406176;0,8572197;0;0;0;0;0;0;0;0;;;
65;0,08455289;0,8572605;0;0;0;0;0;0;0;0;;;
66;0,08487796;0,8572874;0;0;0;0;0;0;0;0;;;
67;0,08867506;0,8576009;0;0;0;0;0;0;0;0;;;
68;0,08663909;0,8574332;0;0;0;0;0;0;0;0;;;
69;0,09561019;0,8581653;0;0;0;0;0;0;0;0;;;
70;0,09170977;0,8578492;0;0;0;0;0;0;0;0;;;
71;0,08496676;0,8572949;0;0;0;0;0;0;0;0;;;
72;0,0854282;0,8573331;0;0;0;0;0;0;0;0;;;
73;0,3322237;0,8659461;0;0;0;0;0;0;0;0;;;
74;0,08414706;0,8572268;0;0;0;0;0;0;0;0;;;
75;0,3551905;0,8641524;0;0;0;0;0;0;0;0;;;
76;0,1811982;0,8641162;0;0;0;0;0;0;0;0;;;
77;0,08779669;0,8575287;0;0;0;0;0;0;0;0;;;
78;0,1119449;0,8594515;0;0;0;0;0;0;0;0;;;
79;0,3702807;0,8624464;0;0;0;0;0;0;0;0;;;
80;0,2411285;0,8667372;0;0;0;0;0;0;0;0;;;
81;0,09747956;0,8583156;0;0;0;0;0;0;0;0;;;
82;0,0910811;0,857798;0;0;0;0;0;0;0;0;;;
83;0,3706535;0,8623983;0;0;0;0;0;0;0;0;;;
84;0,213529;0,8657371;0;0;0;0;0;0;0;0;;;
85;0,2576867;0,867126;0;0;0;0;0;0;0;0;;;
86;0,1499976;0,8621887;0;0;0;0;0;0;0;0;;;
87;0,173425;0,8636662;0;0;0;0;0;0;0;0;;;
88;0,25073;0,8669842;0;0;0;0;0;0;0;0;;;
89;0,08630433;0,8574055;0;0;0;0;0;0;0;0;;;
90;0,3402819;0,8654166;0;0;0;0;0;0;0;0;;;
91;0,09012209;0,8577195;0;0;0;0;0;0;0;0;;;
92;0,0883888;0,8575774;0;0;0;0;0;0;0;0;;;
93;0,0881423;0,8575571;0;0;0;0;0;0;0;0;;;
94;0,2109077;0,8656223;0;0;0;0;0;0;0;0;;;
95;0,3533989;0,8643252;0;0;0;0;0;0;0;0;;;
96;0,08437573;0,8572458;0;0;0;0;0;0;0;0;;;
97;0,09529904;0,8581403;0;0;0;0;0;0;0;0;;;
98;0,3112205;0,8668895;0;0;0;0;0;0;0;0;;;
99;0,08727794;0,857486;0;0;0;0;0;0;0;0;;;
100;0,2580684;0,8671328;0;0;0;0;0;0;0;0;;;
101;0,1730902;0,8636463;0;0;0;0;0;0;0;0;;;
102;0,08571548;0,8573569;0;0;0;0;0;0;0;0;;;
103;0,1176303;0,8598843;0;0;0;0;0;0;0;0;;;
104;0,1189598;0,8599843;0;0;0;0;0;0;0;0;;;
105;0,0992758;0,8584593;0;0;0;0;0;0;0;0;;;
106;0,1186261;0,8599592;0;0;0;0;0;0;0;0;;;
107;0,3031022;0,8671054;0;0;0;0;0;0;0;0;;;
108;0,08406176;0,8572197;0;0;0;0;0;0;0;0;;;
109;0,2897827;0,8673049;0;0;0;0;0;0;0;0;;;
110;0,1923221;0,8647217;0;0;0;0;0;0;0;0;;;
111;0,3109373;0,8668982;0;0;0;0;0;0;0;0;;;
112;0,09197439;0,8578708;0;0;0;0;0;0;0;0;;;
113;0,3040634;0,8670837;0;0;0;0;0;0;0;0;;;
114;0,3243881;0,8663679;0;0;0;0;0;0;0;0;;;
115;0,09280276;0,8579381;0;0;0;0;0;0;0;0;;;
116;0,1207548;0,8601187;0;0;0;0;0;0;0;0;;;
117;0,1011471;0,8586082;0;0;0;0;0;0;0;0;;;
118;0,1405192;0,8615434;0;0;0;0;0;0;0;0;;;
119;0,2031938;0,8652663;0;0;0;0;0;0;0;0;;;
120;0,08424994;0,8572354;0;0;0;0;0;0;0;0;;;
121;0,3187993;0,8666165;0;0;0;0;0;0;0;0;;;
122;0,09059078;0,8577579;0;0;0;0;0;0;0;0;;;
123;0,2779622;0,8673383;0;0;0;0;0;0;0;0;;;
124;0,0894422;0,8576639;0;0;0;0;0;0;0;0;;;
125;0,08918796;0,8576431;0;0;0;0;0;0;0;0;;;
126;0,08649651;0,8574215;0;0;0;0;0;0;0;0;;;
127;0,08468535;0,8572715;0;0;0;0;0;0;0;0;;;
128;0,1727087;0,8636237;0;0;0;0;0;0;0;0;;;
129;0,2928939;0,8672744;0;0;0;0;0;0;0;0;;;
130;0,09809461;0,8583649;0;0;0;0;0;0;0;0;;;
131;0,08706205;0,8574682;0;0;0;0;0;0;0;0;;;
132;0,1729195;0,8636362;0;0;0;0;0;0;0;0;;;
133;0,2297767;0,8663747;0;0;0;0;0;0;0;0;;;
134;0,08525457;0,8573187;0;0;0;0;0;0;0;0;;;
135;0,08538323;0,8573294;0;0;0;0;0;0;0;0;;;
136;0,1075166;0,8591089;0;0;0;0;0;0;0;0;;;
137;0,1113482;0,8594055;0;0;0;0;0;0;0;0;;;
138;0,08554141;0,8573425;0;0;0;0;0;0;0;0;;;
139;0,08600024;0,8573804;0;0;0;0;0;0;0;0;;;
140;0,1337965;0,8610705;0;0;0;0;0;0;0;0;;;
141;0,0879515;0,8575414;0;0;0;0;0;0;0;0;;;
142;0,3577863;0,8638912;0;0;0;0;0;0;0;0;;;
143;0,3496737;0,8646658;0;0;0;0;0;0;0;0;;;
144;0,09033512;0,857737;0;0;0;0;0;0;0;0;;;
145;0,4005521;0,8574688;0;0;0;0;0;0;0;0;;;
146;0,08431432;0,8572407;0;0;0;0;0;0;0;0;;;
147;0,1032412;0,8587738;0;0;0;0;0;0;0;0;;;
148;0,08411321;0,857224;0;0;0;0;0;0;0;0;;;
149;0,3999138;0,857598;0;0;0;0;0;0;0;0;;;
150;0,08406176;0,8572197;0;0;0;0;0;0;0;0;;;
151;0,1292067;0,8607406;0;0;0;0;0;0;0;0;;;
152;0,1437777;0,8617681;0;0;0;0;0;0;0;0;;;
153;0,1064045;0,8590222;0;0;0;0;0;0;0;0;;;
154;0,09020454;0,8577263;0;0;0;0;0;0;0;0;;;
155;0,1849179;0,8643239;0;0;0;0;0;0;0;0;;;
156;0,4012704;0,8573222;0;0;0;0;0;0;0;0;;;
157;0,2310736;0,8664197;0;0;0;0;0;0;0;0;;;
158;0,3923017;0,8590533;0;0;0;0;0;0;0;0;;;
159;0,100262;0,8585379;0;0;0;0;0;0;0;0;;;
160;0,3722078;0,8621944;0;0;0;0;0;0;0;0;;;
161;0,3742612;0,861917;0;0;0;0;0;0;0;0;;;
162;0,4028804;0,8569882;0;0;0;0;0;0;0;0;;;
163;0,370398;0,8624312;0;0;0;0;0;0;0;0;;;
164;0,390421;0,8593892;0;0;0;0;0;0;0;0;;;
165;0,08597718;0,8573785;0;0;0;0;0;0;0;0;;;
166;0,3617403;0,8634683;0;0;0;0;0;0;0;0;;;
167;0,3755405;0,8617392;0;0;0;0;0;0;0;0;;;
168;0,1955336;0,8648876;0;0;0;0;0;0;0;0;;;
169;0,3771809;0,861506;0;0;0;0;0;0;0;0;;;
170;0,08852801;0,8575889;0;0;0;0;0;0;0;0;;;
171;0,08406176;0,8572197;0;0;0;0;0;0;0;0;;;
172;0,09215374;0,8578854;0;0;0;0;0;0;0;0;;;
173;0,2210072;0,866047;0;0;0;0;0;0;0;0;;;
174;0,3934849;0,8588371;0;0;0;0;0;0;0;0;;;
175;0,2279624;0,8663102;0;0;0;0;0;0;0;0;;;
176;0,1821198;0,8641681;0;0;0;0;0;0;0;0;;;
177;0,2011608;0,8651682;0;0;0;0;0;0;0;0;;;
178;0,3927388;0,8589738;0;0;0;0;0;0;0;0;;;
179;0,2217864;0,8660777;0;0;0;0;0;0;0;0;;;
180;0,3906147;0,859355;0;0;0;0;0;0;0;0;;;
181;0,2383586;0,8666555;0;0;0;0;0;0;0;0;;;
182;0,1194842;0,8600237;0;0;0;0;0;0;0;0;;;
183;0,3922147;0,859069;0;0;0;0;0;0;0;0;;;
184;0,1510184;0,8622565;0;0;0;0;0;0;0;0;;;
185;0,2673108;0,8672661;0;0;0;0;0;0;0;0;;;
186;0,09393843;0,8580303;0;0;0;0;0;0;0;0;;;
187;0,3714095;0,8622998;0;0;0;0;0;0;0;0;;;
188;0,09140651;0,8578245;0;0;0;0;0;0;0;0;;;
189;0,095411;0,8581493;0;0;0;0;0;0;0;0;;;
190;0,2745367;0,8673251;0;0;0;0;0;0;0;0;;;
191;0,3912539;0,8592416;0;0;0;0;0;0;0;0;;;
192;0,3992513;0,8577308;0;0;0;0;0;0;0;0;;;
193;0,3991614;0,8577488;0;0;0;0;0;0;0;0;;;
194;0,3517654;0,8644776;0;0;0;0;0;0;0;0;;;
195;0,08406176;0,8572197;0;0;0;0;0;0;0;0;;;
196;0,1030076;0,8587555;0;0;0;0;0;0;0;0;;;
197;0,1271243;0,8605891;0;0;0;0;0;0;0;0;;;
198;0,3256398;0,8663063;0;0;0;0;0;0;0;0;;;
199;0,3870031;0,8599768;0;0;0;0;0;0;0;0;;;
200;0,158871;0,8627687;0;0;0;0;0;0;0;0;;;
201;0,1067547;0,8590496;0;0;0;0;0;0;0;0;;;
202;0,386811;0,860009;0;0;0;0;0;0;0;0;;;
203;0,08428133;0,8572379;0;0;0;0;0;0;0;0;;;
204;0,3873221;0,8599232;0;0;0;0;0;0;0;0;;;
205;0,1224393;0,8602441;0;0;0;0;0;0;0;0;;;
206;0,3914475;0,859207;0;0;0;0;0;0;0;0;;;
207;0,2191815;0,8659738;0;0;0;0;0;0;0;0;;;
208;0,4028036;0,8570043;0;0;0;0;0;0;0;0;;;
209;0,2487286;0,8669375;0;0;0;0;0;0;0;0;;;
210;0,221661;0,8660727;0;0;0;0;0;0;0;0;;;
211;0,310628;0,8669078;0;0;0;0;0;0;0;0;;;
212;0,3585669;0,8638101;0;0;0;0;0;0;0;0;;;
213;0,3924167;0,8590325;0;0;0;0;0;0;0;0;;;
214;0,08432491;0,8572416;0;0;0;0;0;0;0;0;;;
215;0,3772537;0,8614955;0;0;0;0;0;0;0;0;;;
216;0,171918;0,8635765;0;0;0;0;0;0;0;0;;;
217;0,1591454;0,8627862;0;0;0;0;0;0;0;0;;;
218;0,2743044;0,8673239;0;0;0;0;0;0;0;0;;;
219;0,3825604;0,8606972;0;0;0;0;0;0;0;0;;;
220;0,09009722;0,8577176;0;0;0;0;0;0;0;0;;;
221;0,09276105;0,8579347;0;0;0;0;0;0;0;0;;;
222;0,0908732;0,8577809;0;0;0;0;0;0;0;0;;;
223;0,08716144;0,8574764;0;0;0;0;0;0;0;0;;;
224;0,08492528;0,8572914;0;0;0;0;0;0;0;0;;;
225;0,08614457;0,8573924;0;0;0;0;0;0;0;0;;;
226;0,08423725;0,8572342;0;0;0;0;0;0;0;0;;;
227;0,08721061;0,8574804;0;0;0;0;0;0;0;0;;;
228;0,08533327;0,8573252;0;0;0;0;0;0;0;0;;;
229;0,08455729;0,8572608;0;0;0;0;0;0;0;0;;;
230;0,3836516;0,8605247;0;0;0;0;0;0;0;0;;;
231;0,3621497;0,8634227;0;0;0;0;0;0;0;0;;;
232;0,3799707;0,8610951;0;0;0;0;0;0;0;0;;;
233;0,1867322;0,8644232;0;0;0;0;0;0;0;0;;;
234;0,3843868;0,8604069;0;0;0;0;0;0;0;0;;;
235;0,3847567;0,8603471;0;0;0;0;0;0;0;0;;;
236;0,3862846;0,8600966;0;0;0;0;0;0;0;0;;;
237;0,3988591;0,8578089;0;0;0;0;0;0;0;0;;;
238;0,2951973;0,8672457;0;0;0;0;0;0;0;0;;;
239;0,2747082;0,867326;0;0;0;0;0;0;0;0;;;
240;0,2471845;0,8668997;0;0;0;0;0;0;0;0;;;
241;0,2077153;0,8654782;0;0;0;0;0;0;0;0;;;
242;0,3570545;0,8639662;0;0;0;0;0;0;0;0;;;
243;0,1448129;0,8618389;0;0;0;0;0;0;0;0;;;
244;0,3698922;0,8624963;0;0;0;0;0;0;0;0;;;
245;0,4016223;0,8572498;0;0;0;0;0;0;0;0;;;
246;0,3779885;0,8613889;0;0;0;0;0;0;0;0;;;
247;0,3795889;0,8611524;0;0;0;0;0;0;0;0;;;
248;0,3898336;0,8594924;0;0;0;0;0;0;0;0;;;
249;0,08621455;0,8573982;0;0;0;0;0;0;0;0;;;
250;0,08686031;0,8574516;0;0;0;0;0;0;0;0;;;
251;0,1293729;0,8607526;0;0;0;0;0;0;0;0;;;
252;0,0847216;0,8572745;0;0;0;0;0;0;0;0;;;
253;0,09923561;0,8584561;0;0;0;0;0;0;0;0;;;
254;0,09603029;0,8581992;0;0;0;0;0;0;0;0;;;
255;0,104338;0,8588603;0;0;0;0;0;0;0;0;;;
256;0,093154;0,8579667;0;0;0;0;0;0;0;0;;;
257;0,0940012;0,8580353;0;0;0;0;0;0;0;0;;;
258;0,09401339;0,8580363;0;0;0;0;0;0;0;0;;;
259;0,09836692;0,8583868;0;0;0;0;0;0;0;0;;;
260;0,09679209;0,8582605;0;0;0;0;0;0;0;0;;;
261;0,08857045;0,8575923;0;0;0;0;0;0;0;0;;;
262;0,09265674;0,8579263;0;0;0;0;0;0;0;0;;;
263;0,1123278;0,8594808;0;0;0;0;0;0;0;0;;;
264;0,09034414;0,8577377;0;0;0;0;0;0;0;0;;;
265;0,1014764;0,8586343;0;0;0;0;0;0;0;0;;;
266;0,1174615;0,8598715;0;0;0;0;0;0;0;0;;;
267;0,09398285;0,8580338;0;0;0;0;0;0;0;0;;;
268;0,09100053;0,8577914;0;0;0;0;0;0;0;0;;;
269;0,09515993;0,858129;0;0;0;0;0;0;0;0;;;
270;0,1080313;0,859149;0;0;0;0;0;0;0;0;;;
271;0,09898952;0,8584365;0;0;0;0;0;0;0;0;;;
272;0,09381265;0,8580201;0;0;0;0;0;0;0;0;;;
273;0,08667902;0,8574366;0;0;0;0;0;0;0;0;;;
274;0,08718116;0,857478;0;0;0;0;0;0;0;0;;;
275;0,1177571;0,8598938;0;0;0;0;0;0;0;0;;;
276;0,1093705;0,8592529;0;0;0;0;0;0;0;0;;;
277;0,09387378;0,858025;0;0;0;0;0;0;0;0;;;
278;0,09125911;0,8578125;0;0;0;0;0;0;0;0;;;
279;0,1009043;0,8585889;0;0;0;0;0;0;0;0;;;
280;0,0890992;0,8576358;0;0;0;0;0;0;0;0;;;
281;0,09394723;0,858031;0;0;0;0;0;0;0;0;;;
282;0,09851997;0,8583989;0;0;0;0;0;0;0;0;;;
283;0,1017116;0,8586529;0;0;0;0;0;0;0;0;;;
284;0,1182027;0,8599275;0;0;0;0;0;0;0;0;;;
285;0,1077251;0,8591252;0;0;0;0;0;0;0;0;;;
286;0,09506223;0,8581212;0;0;0;0;0;0;0;0;;;
287;0,1001284;0,8585272;0;0;0;0;0;0;0;0;;;
288;0,09185269;0,8578609;0;0;0;0;0;0;0;0;;;
289;0,1005902;0,858564;0;0;0;0;0;0;0;0;;;
290;0,09102077;0,857793;0;0;0;0;0;0;0;0;;;
291;0,1021944;0,8586912;0;0;0;0;0;0;0;0;;;
292;0,09274084;0,8579331;0;0;0;0;0;0;0;0;;;
293;0,09950157;0,8584773;0;0;0;0;0;0;0;0;;;
294;0,1077259;0,8591252;0;0;0;0;0;0;0;0;;;
295;0,09623924;0,858216;0;0;0;0;0;0;0;0;;;
296;0,09579366;0,8581802;0;0;0;0;0;0;0;0;;;
297;0,09038512;0,8577411;0;0;0;0;0;0;0;0;;;
298;0,1468358;0,8619763;0;0;0;0;0;0;0;0;;;
299;0,089399;0,8576604;0;0;0;0;0;0;0;0;;;
300;0,1845265;0,8643022;0;0;0;0;0;0;0;0;;;
301;0,1223735;0,8602393;0;0;0;0;0;0;0;0;;;
302;0,08677879;0,8574448;0;0;0;0;0;0;0;0;;;
303;0,0849939;0,8572971;0;0;0;0;0;0;0;0;;;
304;0,09540178;0,8581485;0;0;0;0;0;0;0;0;;;
305;0,08861699;0,8575961;0;0;0;0;0;0;0;0;;;
306;0,1689081;0,8633952;0;0;0;0;0;0;0;0;;;
307;0,09174876;0,8578524;0;0;0;0;0;0;0;0;;;
308;0,1093318;0,8592499;0;0;0;0;0;0;0;0;;;
309;0,3365466;0,8656746;0;0;0;0;0;0;0;0;;;
310;0,09120571;0,8578081;0;0;0;0;0;0;0;0;;;
311;0,3020828;0,8671272;0;0;0;0;0;0;0;0;;;
312;0,0886706;0,8576006;0;0;0;0;0;0;0;0;;;
313;0,08682303;0,8574485;0;0;0;0;0;0;0;0;;;
314;0,08773071;0,8575233;0;0;0;0;0;0;0;0;;;
315;0,08841857;0,8575799;0;0;0;0;0;0;0;0;;;
316;0,08715786;0,8574761;0;0;0;0;0;0;0;0;;;
317;0,08697277;0,8574608;0;0;0;0;0;0;0;0;;;
318;0,08748575;0,8575031;0;0;0;0;0;0;0;0;;;
319;0,08847304;0,8575843;0;0;0;0;0;0;0;0;;;
320;0,09605001;0,8582008;0;0;0;0;0;0;0;0;;;
321;0,2198107;0,8659992;0;0;0;0;0;0;0;0;;;
322;0,09940731;0,8584698;0;0;0;0;0;0;0;0;;;
323;0,3345247;0,8658052;0;0;0;0;0;0;0;0;;;
324;0,08830646;0,8575706;0;0;0;0;0;0;0;0;;;
325;0,315424;0,866747;0;0;0;0;0;0;0;0;;;
326;0,3027906;0,8671122;0;0;0;0;0;0;0;0;;;
327;0,0862682;0,8574026;0;0;0;0;0;0;0;0;;;
328;0,08937928;0,8576587;0;0;0;0;0;0;0;0;;;
329;0,08957052;0,8576744;0;0;0;0;0;0;0;0;;;
330;0,219047;0,8659683;0;0;0;0;0;0;0;0;;;
331;0,1057876;0,858974;0;0;0;0;0;0;0;0;;;
332;0,08596648;0,8573776;0;0;0;0;0;0;0;0;;;
333;0,08798785;0,8575444;0;0;0;0;0;0;0;0;;;
334;0,1182437;0,8599305;0;0;0;0;0;0;0;0;;;
335;0,1065511;0,8590336;0;0;0;0;0;0;0;0;;;
336;0,09288972;0,8579452;0;0;0;0;0;0;0;0;;;
337;0,09040796;0,857743;0;0;0;0;0;0;0;0;;;
338;0,08587085;0,8573698;0;0;0;0;0;0;0;0;;;
339;0,0887796;0,8576095;0;0;0;0;0;0;0;0;;;
340;0,0884724;0,8575842;0;0;0;0;0;0;0;0;;;
341;0,08751359;0,8575054;0;0;0;0;0;0;0;0;;;
342;0,09324785;0,8579743;0;0;0;0;0;0;0;0;;;
343;0,08959734;0,8576766;0;0;0;0;0;0;0;0;;;
344;0,09178721;0,8578555;0;0;0;0;0;0;0;0;;;
345;0,09856597;0,8584026;0;0;0;0;0;0;0;0;;;
346;0,09407414;0,8580412;0;0;0;0;0;0;0;0;;;
347;0,0894847;0,8576674;0;0;0;0;0;0;0;0;;;
348;0,344164;0,8651244;0;0;0;0;0;0;0;0;;;
349;0,3503029;0,8646101;0;0;0;0;0;0;0;0;;;
350;0,2635131;0,8672189;0;0;0;0;0;0;0;0;;;
351;0,2795008;0,867341;0;0;0;0;0;0;0;0;;;
352;0,1777675;0,8639202;0;0;0;0;0;0;0;0;;;
353;0,307579;0,8669957;0;0;0;0;0;0;0;0;;;
354;0,2514058;0,8669994;0;0;0;0;0;0;0;0;;;
355;0,3559171;0,8640805;0;0;0;0;0;0;0;0;;;
356;0,08916344;0,857641;0;0;0;0;0;0;0;0;;;
357;0,2606456;0,8671762;0;0;0;0;0;0;0;0;;;
358;0,280568;0,8673416;0;0;0;0;0;0;0;0;;;
359;0,08629761;0,857405;0;0;0;0;0;0;0;0;;;
360;0,1009169;0,8585899;0;0;0;0;0;0;0;0;;;
361;0,09615106;0,8582089;0;0;0;0;0;0;0;0;;;
362;0,284456;0,8673356;0;0;0;0;0;0;0;0;;;
363;0,08630358;0,8574055;0;0;0;0;0;0;0;0;;;
364;0,3456966;0,8650021;0;0;0;0;0;0;0;0;;;
365;0,1463752;0,8619451;0;0;0;0;0;0;0;0;;;
366;0,1490542;0,8621256;0;0;0;0;0;0;0;0;;;
367;0,1319396;0,8609377;0;0;0;0;0;0;0;0;;;
368;0,09396871;0,8580327;0;0;0;0;0;0;0;0;;;
369;0,3746183;0,8618677;0;0;0;0;0;0;0;0;;;
370;0,3006791;0,8671554;0;0;0;0;0;0;0;0;;;
371;0,3432129;0,8651983;0;0;0;0;0;0;0;0;;;
372;0,3331448;0,8658906;0;0;0;0;0;0;0;0;;;
373;0,3379489;0,8655803;0;0;0;0;0;0;0;0;;;
374;0,2924436;0,8672794;0;0;0;0;0;0;0;0;;;
375;0,3265588;0,8662598;0;0;0;0;0;0;0;0;;;
376;0,3477773;0,8648296;0;0;0;0;0;0;0;0;;;
377;0,2859528;0,8673297;0;0;0;0;0;0;0;0;;;
378;0,08901977;0,8576292;0;0;0;0;0;0;0;0;;;
379;0,2597867;0,8671622;0;0;0;0;0;0;0;0;;;
380;0,2178741;0,8659204;0;0;0;0;0;0;0;0;;;
381;0,08455964;0,857261;0;0;0;0;0;0;0;0;;;
382;0,08760614;0,857513;0;0;0;0;0;0;0;0;;;
383;0,2891623;0,8673098;0;0;0;0;0;0;0;0;;;
384;0,2569941;0,8671134;0;0;0;0;0;0;0;0;;;
385;0,1239566;0,8603565;0;0;0;0;0;0;0;0;;;
386;0,08960816;0,8576775;0;0;0;0;0;0;0;0;;;
387;0,2649601;0,8672381;0;0;0;0;0;0;0;0;;;
388;0,2653358;0,8672429;0;0;0;0;0;0;0;0;;;
389;0,2522371;0,8670176;0;0;0;0;0;0;0;0;;;
390;0,2475516;0,8669087;0;0;0;0;0;0;0;0;;;
391;0,0867609;0,8574433;0;0;0;0;0;0;0;0;;;
392;0,09284494;0,8579416;0;0;0;0;0;0;0;0;;;
393;0,1221273;0,860221;0;0;0;0;0;0;0;0;;;
394;0,08860422;0,8575951;0;0;0;0;0;0;0;0;;;
395;0,2195256;0,8659877;0;0;0;0;0;0;0;0;;;
396;0,192452;0,8647285;0;0;0;0;0;0;0;0;;;
397;0,09461529;0,858085;0;0;0;0;0;0;0;0;;;
398;0,1252889;0,8604546;0;0;0;0;0;0;0;0;;;
399;0,09620588;0,8582133;0;0;0;0;0;0;0;0;;;
400;0,2017455;0,8651966;0;0;0;0;0;0;0;0;;;
401;0,2038268;0,8652965;0;0;0;0;0;0;0;0;;;
402;0,2964463;0,8672279;0;0;0;0;0;0;0;0;;;
403;0,2270667;0,8662777;0;0;0;0;0;0;0;0;;;
404;0,1522104;0,8623354;0;0;0;0;0;0;0;0;;;
405;0,08469808;0,8572725;0;0;0;0;0;0;0;0;;;
406;0,08993627;0,8577043;0;0;0;0;0;0;0;0;;;
407;0,1240717;0,860365;0;0;0;0;0;0;0;0;;;
408;0,1883637;0,8645116;0;0;0;0;0;0;0;0;;;
409;0,1173893;0,8598661;0;0;0;0;0;0;0;0;;;
410;0,08609787;0,8573885;0;0;0;0;0;0;0;0;;;
411;0,3056115;0,8670467;0;0;0;0;0;0;0;0;;;
412;0,2269376;0,8662729;0;0;0;0;0;0;0;0;;;
413;0,09148853;0,8578312;0;0;0;0;0;0;0;0;;;
414;0,2998593;0,8671709;0;0;0;0;0;0;0;0;;;
415;0,2797219;0,8673412;0;0;0;0;0;0;0;0;;;
416;0,09304556;0,8579579;0;0;0;0;0;0;0;0;;;
417;0,1829197;0,8642129;0;0;0;0;0;0;0;0;;;
418;0,08490402;0,8572897;0;0;0;0;0;0;0;0;;;
419;0,2953909;0,867243;0;0;0;0;0;0;0;0;;;
420;0,337143;0,8656349;0;0;0;0;0;0;0;0;;;
421;0,3459632;0,8649804;0;0;0;0;0;0;0;0;;;
422;0,08851029;0,8575874;0;0;0;0;0;0;0;0;;;
423;0,1190648;0,8599923;0;0;0;0;0;0;0;0;;;
424;0,08651347;0,8574229;0;0;0;0;0;0;0;0;;;
425;0,08440067;0,8572479;0;0;0;0;0;0;0;0;;;
426;0,08519816;0,857314;0;0;0;0;0;0;0;0;;;
427;0,08481182;0,857282;0;0;0;0;0;0;0;0;;;
428;0,09014158;0,8577211;0;0;0;0;0;0;0;0;;;
429;0,09488267;0,8581066;0;0;0;0;0;0;0;0;;;
430;0,08573342;0,8573583;0;0;0;0;0;0;0;0;;;
431;0,2773939;0,8673367;0;0;0;0;0;0;0;0;;;
432;0,09227515;0,8578953;0;0;0;0;0;0;0;0;;;
433;0,08464305;0,857268;0;0;0;0;0;0;0;0;;;
434;0,09315988;0,8579671;0;0;0;0;0;0;0;0;;;
435;0,09814465;0,8583689;0;0;0;0;0;0;0;0;;;
436;0,1365453;0,8612654;0;0;0;0;0;0;0;0;;;
437;0,08627019;0,8574027;0;0;0;0;0;0;0;0;;;
438;0,2658092;0,8672487;0;0;0;0;0;0;0;0;;;
439;0,278307;0,8673391;0;0;0;0;0;0;0;0;;;
440;0,3068701;0,8670145;0;0;0;0;0;0;0;0;;;
441;0,3005092;0,8671587;0;0;0;0;0;0;0;0;;;
442;0,3636727;0,8632503;0;0;0;0;0;0;0;0;;;
443;0,367014;0,8628553;0;0;0;0;0;0;0;0;;;
444;0,09338544;0,8579854;0;0;0;0;0;0;0;0;;;
445;0,354589;0,8642111;0;0;0;0;0;0;0;0;;;
446;0,08951706;0,8576701;0;0;0;0;0;0;0;0;;;
447;0,2734631;0,867319;0;0;0;0;0;0;0;0;;;
448;0,1722541;0,8635966;0;0;0;0;0;0;0;0;;;
449;0,0882482;0,8575659;0;0;0;0;0;0;0;0;;;
450;0,1406993;0,8615559;0;0;0;0;0;0;0;0;;;
451;0,08863496;0,8575976;0;0;0;0;0;0;0;0;;;
452;0,112885;0,8595236;0;0;0;0;0;0;0;0;;;
453;0,2598194;0,8671628;0;0;0;0;0;0;0;0;;;
454;0,09589091;0,858188;0;0;0;0;0;0;0;0;;;
455;0,08648811;0,8574207;0;0;0;0;0;0;0;0;;;
456;0,3623728;0,8633978;0;0;0;0;0;0;0;0;;;
457;0,1096298;0,859273;0;0;0;0;0;0;0;0;;;
458;0,09619089;0,8582121;0;0;0;0;0;0;0;0;;;
459;0,1022984;0,8586994;0;0;0;0;0;0;0;0;;;
460;0,1015974;0,8586439;0;0;0;0;0;0;0;0;;;
461;0,09677853;0,8582594;0;0;0;0;0;0;0;0;;;
462;0,09152533;0,8578342;0;0;0;0;0;0;0;0;;;
463;0,2450254;0,8668443;0;0;0;0;0;0;0;0;;;
464;0,08738638;0,8574949;0;0;0;0;0;0;0;0;;;
465;0,1411936;0,8615902;0;0;0;0;0;0;0;0;;;
466;0,1037909;0,8588172;0;0;0;0;0;0;0;0;;;
467;0,105086;0,858919;0;0;0;0;0;0;0;0;;;
468;0,08406176;0,8572197;0;0;0;0;0;0;0;0;;;
469;0,08406176;0,8572197;0;0;0;0;0;0;0;0;;;
470;0,09271435;0,857931;0;0;0;0;0;0;0;0;;;
471;0,09360703;0,8580034;0;0;0;0;0;0;0;0;;;
472;0,1217442;0,8601925;0;0;0;0;0;0;0;0;;;
473;0,08764623;0,8575163;0;0;0;0;0;0;0;0;;;
474;0,08532334;0,8573244;0;0;0;0;0;0;0;0;;;
475;0,2296643;0,8663708;0;0;0;0;0;0;0;0;;;
476;0,2809978;0,8673416;0;0;0;0;0;0;0;0;;;
477;0,3198441;0,8665732;0;0;0;0;0;0;0;0;;;
478;0,3338102;0,8658498;0;0;0;0;0;0;0;0;;;
479;0,3873322;0,8599215;0;0;0;0;0;0;0;0;;;
480;0,1270774;0,8605856;0;0;0;0;0;0;0;0;;;
481;0,2655538;0,8672456;0;0;0;0;0;0;0;0;;;
482;0,2815953;0,8673413;0;0;0;0;0;0;0;0;;;
483;0,09694835;0,858273;0;0;0;0;0;0;0;0;;;
484;0,2647634;0,8672356;0;0;0;0;0;0;0;0;;;
485;0,33471;0,8657935;0;0;0;0;0;0;0;0;;;
486;0,2389479;0,8666732;0;0;0;0;0;0;0;0;;;
487;0,08494749;0,8572932;0;0;0;0;0;0;0;0;;;
488;0,3432509;0,8651953;0;0;0;0;0;0;0;0;;;
489;0,2441166;0,8668202;0;0;0;0;0;0;0;0;;;
490;0,1889527;0,8645433;0;0;0;0;0;0;0;0;;;
491;0,08782461;0,857531;0;0;0;0;0;0;0;0;;;
492;0,1271446;0,8605906;0;0;0;0;0;0;0;0;;;
493;0,2286205;0,8663338;0;0;0;0;0;0;0;0;;;
494;0,08910553;0,8576363;0;0;0;0;0;0;0;0;;;
495;0,1704183;0,8634865;0;0;0;0;0;0;0;0;;;
496;0,2714574;0,867305;0;0;0;0;0;0;0;0;;;
497;0,2493001;0,866951;0;0;0;0;0;0;0;0;;;
498;0,09114205;0,8578029;0;0;0;0;0;0;0;0;;;
499;0,08909856;0,8576357;0;0;0;0;0;0;0;0;;;
500;0,1013962;0,858628;0;0;0;0;0;0;0;0;;;
501;0,1624158;0,8629936;0;0;0;0;0;0;0;0;;;
502;0,08473933;0,857276;0;0;0;0;0;0;0;0;;;
503;0,3213105;0,86651;0;0;0;0;0;0;0;0;;;
504;0,1171118;0,8598452;0;0;0;0;0;0;0;0;;;
505;0,08504675;0,8573015;0;0;0;0;0;0;0;0;;;
506;0,2283367;0,8663236;0;0;0;0;0;0;0;0;;;
507;0,2236639;0,8661504;0;0;0;0;0;0;0;0;;;
508;0,357416;0,8639293;0;0;0;0;0;0;0;0;;;
509;0,1504057;0,8622158;0;0;0;0;0;0;0;0;;;
510;0,09638307;0,8582276;0;0;0;0;0;0;0;0;;;
511;0,2851401;0,8673331;0;0;0;0;0;0;0;0;;;
512;0,0942531;0,8580557;0;0;0;0;0;0;0;0;;;
513;0,08538313;0,8573294;0;0;0;0;0;0;0;0;;;
514;0,2546288;0,8670677;0;0;0;0;0;0;0;0;;;
515;0,08483883;0,8572842;0;0;0;0;0;0;0;0;;;
516;0,08728027;0,8574861;0;0;0;0;0;0;0;0;;;
517;0,08755697;0,857509;0;0;0;0;0;0;0;0;;;
518;0,08430397;0,8572398;0;0;0;0;0;0;0;0;;;
519;0,08416606;0,8572283;0;0;0;0;0;0;0;0;;;
520;0,08679828;0,8574464;0;0;0;0;0;0;0;0;;;
521;0,1141053;0,8596168;0;0;0;0;0;0;0;0;;;
522;0,3306346;0,8660388;0;0;0;0;0;0;0;0;;;
523;0,09526021;0,8581371;0;0;0;0;0;0;0;0;;;
524;0,1139266;0,8596032;0;0;0;0;0;0;0;0;;;
525;0,09727939;0,8582996;0;0;0;0;0;0;0;0;;;
526;0,26313;0,8672135;0;0;0;0;0;0;0;0;;;
527;0,09524216;0,8581356;0;0;0;0;0;0;0;0;;;
528;0,1318351;0,8609302;0;0;0;0;0;0;0;0;;;
529;0,2389329;0,8666728;0;0;0;0;0;0;0;0;;;
530;0,08776023;0,8575257;0;0;0;0;0;0;0;0;;;
531;0,09503274;0,8581187;0;0;0;0;0;0;0;0;;;
532;0,08754768;0,8575081;0;0;0;0;0;0;0;0;;;
533;0,1283603;0,8606791;0;0;0;0;0;0;0;0;;;
534;0,1204058;0,8600927;0;0;0;0;0;0;0;0;;;
535;0,1008057;0,8585811;0;0;0;0;0;0;0;0;;;
536;0,3226451;0,8664499;0;0;0;0;0;0;0;0;;;
537;0,3408562;0,8653749;0;0;0;0;0;0;0;0;;;
538;0,1657777;0,8632032;0;0;0;0;0;0;0;0;;;
539;0,08756456;0,8575096;0;0;0;0;0;0;0;0;;;
540;0,1113482;0,8594056;0;0;0;0;0;0;0;0;;;
541;0,1634887;0,8630609;0;0;0;0;0;0;0;0;;;
542;0,3015584;0,867138;0;0;0;0;0;0;0;0;;;
543;0,1044667;0,8588704;0;0;0;0;0;0;0;0;;;
544;0,1023373;0,8587025;0;0;0;0;0;0;0;0;;;
545;0,0963765;0,858227;0;0;0;0;0;0;0;0;;;
546;0,1411334;0,861586;0;0;0;0;0;0;0;0;;;
547;0,3860753;0,8601313;0;0;0;0;0;0;0;0;;;
548;0,1996886;0,865096;0;0;0;0;0;0;0;0;;;
549;0,218487;0,8659456;0;0;0;0;0;0;0;0;;;
550;0,3219832;0,86648;0;0;0;0;0;0;0;0;;;
551;0,3528083;0,864381;0;0;0;0;0;0;0;0;;;
552;0,3565383;0,8640184;0;0;0;0;0;0;0;0;;;
553;0,1474072;0,8620148;0;0;0;0;0;0;0;0;;;
554;0,2649006;0,8672374;0;0;0;0;0;0;0;0;;;
555;0,1151633;0,8596974;0;0;0;0;0;0;0;0;;;
556;0,2523686;0,8670205;0;0;0;0;0;0;0;0;;;
557;0,1109902;0,859378;0;0;0;0;0;0;0;0;;;
558;0,1027963;0,8587388;0;0;0;0;0;0;0;0;;;
559;0,223094;0,8661286;0;0;0;0;0;0;0;0;;;
560;0,1243893;0,8603883;0;0;0;0;0;0;0;0;;;
561;0,1022792;0,8586979;0;0;0;0;0;0;0;0;;;
562;0,1551157;0,8625262;0;0;0;0;0;0;0;0;;;
563;0,08633786;0,8574083;0;0;0;0;0;0;0;0;;;
564;0,08514319;0,8573095;0;0;0;0;0;0;0;0;;;
565;0,3546645;0,8642038;0;0;0;0;0;0;0;0;;;
566;0,3260924;0,8662836;0;0;0;0;0;0;0;0;;;
567;0,1723082;0,8635999;0;0;0;0;0;0;0;0;;;
568;0,2065977;0,8654267;0;0;0;0;0;0;0;0;;;
569;0,1263129;0,8605297;0;0;0;0;0;0;0;0;;;
570;0,1264907;0,8605427;0;0;0;0;0;0;0;0;;;
571;0,09471525;0,8580931;0;0;0;0;0;0;0;0;;;
572;0,2110572;0,865629;0;0;0;0;0;0;0;0;;;
573;0,08963776;0,85768;0;0;0;0;0;0;0;0;;;
574;0,08762599;0,8575147;0;0;0;0;0;0;0;0;;;
575;0,1164773;0,8597971;0;0;0;0;0;0;0;0;;;
576;0,09705061;0,8582813;0;0;0;0;0;0;0;0;;;
577;0,1276001;0,8606238;0;0;0;0;0;0;0;0;;;
578;0,08815127;0,8575579;0;0;0;0;0;0;0;0;;;
579;0,3702786;0,8624467;0;0;0;0;0;0;0;0;;;
580;0,2120693;0,8656736;0;0;0;0;0;0;0;0;;;
581;0,08747032;0,8575018;0;0;0;0;0;0;0;0;;;
582;0,1765407;0,8638491;0;0;0;0;0;0;0;0;;;
583;0,08438693;0,8572467;0;0;0;0;0;0;0;0;;;
584;0,2932135;0,8672707;0;0;0;0;0;0;0;0;;;
585;0,3405576;0,8653967;0;0;0;0;0;0;0;0;;;
586;0,2708496;0,8673002;0;0;0;0;0;0;0;0;;;
587;0,08688968;0,8574539;0;0;0;0;0;0;0;0;;;
588;0,3384917;0,865543;0;0;0;0;0;0;0;0;;;
589;0,3537826;0,8642887;0;0;0;0;0;0;0;0;;;
590;0,2627551;0,8672082;0;0;0;0;0;0;0;0;;;
591;0,3694866;0,8625479;0;0;0;0;0;0;0;0;;;
592;0,09646814;0,8582344;0;0;0;0;0;0;0;0;;;
593;0,2967167;0,8672238;0;0;0;0;0;0;0;0;;;
594;0,1080061;0,859147;0;0;0;0;0;0;0;0;;;
595;0,1277941;0,860638;0;0;0;0;0;0;0;0;;;
596;0,09863058;0,8584078;0;0;0;0;0;0;0;0;;;
597;0,1132013;0,8595478;0;0;0;0;0;0;0;0;;;
598;0,1060989;0,8589983;0;0;0;0;0;0;0;0;;;
599;0,3565599;0,8640162;0;0;0;0;0;0;0;0;;;
600;0,1159008;0,8597535;0;0;0;0;0;0;0;0;;;
601;0,08815737;0,8575584;0;0;0;0;0;0;0;0;;;
602;0,08907046;0,8576334;0;0;0;0;0;0;0;0;;;
603;0,2769969;0,8673356;0;0;0;0;0;0;0;0;;;
604;0,09666677;0,8582504;0;0;0;0;0;0;0;0;;;
605;0,2997206;0,8671735;0;0;0;0;0;0;0;0;;;
606;0,19555;0,8648884;0;0;0;0;0;0;0;0;;;
607;0,3109998;0,8668963;0;0;0;0;0;0;0;0;;;
608;0,09996137;0,858514;0;0;0;0;0;0;0;0;;;
609;0,3247317;0,8663512;0;0;0;0;0;0;0;0;;;
610;0,08666569;0,8574354;0;0;0;0;0;0;0;0;;;
611;0,3274454;0,8662137;0;0;0;0;0;0;0;0;;;
612;0,3700363;0,8624778;0;0;0;0;0;0;0;0;;;
613;0,3823203;0,8607348;0;0;0;0;0;0;0;0;;;
614;0,2585768;0,8671418;0;0;0;0;0;0;0;0;;;
615;0,0907717;0,8577726;0;0;0;0;0;0;0;0;;;
616;0,08708052;0,8574697;0;0;0;0;0;0;0;0;;;
617;0,09079137;0,8577743;0;0;0;0;0;0;0;0;;;
618;0,09981766;0,8585025;0;0;0;0;0;0;0;0;;;
619;0,1370495;0,8613009;0;0;0;0;0;0;0;0;;;
620;0,08971407;0,8576862;0;0;0;0;0;0;0;0;;;
621;0,1015123;0,8586372;0;0;0;0;0;0;0;0;;;
622;0,1155103;0,8597238;0;0;0;0;0;0;0;0;;;
623;0,1219243;0,8602059;0;0;0;0;0;0;0;0;;;
624;0,09075219;0,8577711;0;0;0;0;0;0;0;0;;;
625;0,09046565;0,8577477;0;0;0;0;0;0;0;0;;;
626;0,118139;0,8599226;0;0;0;0;0;0;0;0;;;
627;0,09315988;0,8579671;0;0;0;0;0;0;0;0;;;
628;0,1089224;0,8592182;0;0;0;0;0;0;0;0;;;
629;0,09119015;0,8578069;0;0;0;0;0;0;0;0;;;
630;0,09520761;0,8581329;0;0;0;0;0;0;0;0;;;
631;0,08762703;0,8575147;0;0;0;0;0;0;0;0;;;
632;0,3317735;0,8659727;0;0;0;0;0;0;0;0;;;
633;0,2545626;0,8670663;0;0;0;0;0;0;0;0;;;
634;0,2405392;0,8667202;0;0;0;0;0;0;0;0;;;
635;0,3141041;0,866794;0;0;0;0;0;0;0;0;;;
636;0,353704;0,8642963;0;0;0;0;0;0;0;0;;;
637;0,143594;0,8617555;0;0;0;0;0;0;0;0;;;
638;0,09651018;0,8582378;0;0;0;0;0;0;0;0;;;
639;0,08623426;0,8573998;0;0;0;0;0;0;0;0;;;
640;0,1302582;0,8608167;0;0;0;0;0;0;0;0;;;
641;0,09368552;0,8580098;0;0;0;0;0;0;0;0;;;
642;0,08978721;0,8576922;0;0;0;0;0;0;0;0;;;
643;0,08661055;0,8574309;0;0;0;0;0;0;0;0;;;
644;0,08432096;0,8572412;0;0;0;0;0;0;0;0;;;
645;0,0932801;0,8579769;0;0;0;0;0;0;0;0;;;
646;0,3191066;0,866604;0;0;0;0;0;0;0;0;;;
647;0,1420341;0,8616482;0;0;0;0;0;0;0;0;;;
648;0,09650784;0,8582376;0;0;0;0;0;0;0;0;;;
649;0,09007837;0,857716;0;0;0;0;0;0;0;0;;;
650;0,08453126;0,8572587;0;0;0;0;0;0;0;0;;;
651;0,1075568;0,8591121;0;0;0;0;0;0;0;0;;;
652;0,09119359;0,8578071;0;0;0;0;0;0;0;0;;;
653;0,09426928;0,858057;0;0;0;0;0;0;0;0;;;
654;0,08406176;0,8572197;0;0;0;0;0;0;0;0;;;
655;0,09558465;0,8581633;0;0;0;0;0;0;0;0;;;
656;0,1024236;0,8587093;0;0;0;0;0;0;0;0;;;
657;0,09125326;0,857812;0;0;0;0;0;0;0;0;;;
658;0,08837701;0,8575764;0;0;0;0;0;0;0;0;;;
659;0,1116681;0,8594302;0;0;0;0;0;0;0;0;;;
660;0,09524279;0,8581357;0;0;0;0;0;0;0;0;;;
661;0,09099555;0,8577909;0;0;0;0;0;0;0;0;;;
662;0,1670772;0,8632833;0;0;0;0;0;0;0;0;;;
663;0,08552247;0,8573409;0;0;0;0;0;0;0;0;;;
664;0,08406176;0,8572197;0;0;0;0;0;0;0;0;;;
665;0,08521218;0,8573152;0;0;0;0;0;0;0;0;;;
666;0,0846415;0,8572679;0;0;0;0;0;0;0;0;;;
667;0,08808595;0,8575525;0;0;0;0;0;0;0;0;;;
668;0,1282744;0,8606729;0;0;0;0;0;0;0;0;;;
669;0,09505939;0,8581209;0;0;0;0;0;0;0;0;;;
670;0,08406176;0,8572197;0;0;0;0;0;0;0;0;;;
671;0,08463631;0,8572674;0;0;0;0;0;0;0;0;;;
672;0,08897;0,8576252;0;0;0;0;0;0;0;0;;;
673;0,1008514;0,8585848;0;0;0;0;0;0;0;0;;;
674;0,09739367;0,8583087;0;0;0;0;0;0;0;0;;;
675;0,08577263;0,8573616;0;0;0;0;0;0;0;0;;;
676;0,09897263;0,8584352;0;0;0;0;0;0;0;0;;;
